{"cameraMode":{"drawMode":0,"name":"Shaded","section":"Shading Mode"},"sceneLighting":false,"audioPlay":false,"sceneViewState":{"m_AlwaysRefresh":false,"showFog":true,"showSkybox":false,"showFlares":true,"showImageEffects":true,"showParticleSystems":true,"showVisualEffectGraphs":true,"m_FxEnabled":true},"in2DMode":false,"pivot":{"x":0.039000000804662707,"y":-0.8199999928474426,"z":-0.017999999225139619},"rotation":{"x":0.006422635167837143,"y":-0.8225836157798767,"z":0.5675005316734314,"w":0.008567814715206623},"size":13.022601127624512,"orthographic":false}