{"cameraMode":{"drawMode":0,"name":"Shaded","section":"Shading Mode"},"sceneLighting":false,"audioPlay":false,"sceneViewState":{"m_AlwaysRefresh":false,"showFog":true,"showSkybox":false,"showFlares":true,"showImageEffects":true,"showParticleSystems":true,"showVisualEffectGraphs":true,"m_FxEnabled":true},"in2DMode":false,"pivot":{"x":-0.16531074047088624,"y":0.4539519250392914,"z":-0.01825544610619545},"rotation":{"x":-0.011361653916537762,"y":-0.7393719553947449,"z":-0.011551321484148503,"w":0.6728334426879883},"size":1.531673789024353,"orthographic":false}