{"cameraMode":{"drawMode":0,"name":"Shaded","section":"Shading Mode"},"sceneLighting":false,"audioPlay":false,"sceneViewState":{"m_AlwaysRefresh":false,"showFog":true,"showSkybox":false,"showFlares":true,"showImageEffects":true,"showParticleSystems":true,"showVisualEffectGraphs":true,"m_FxEnabled":true},"in2DMode":false,"pivot":{"x":-0.16531074047088624,"y":0.4539519250392914,"z":-0.01825544610619545},"rotation":{"x":-0.0023611930664628746,"y":-0.6977755427360535,"z":-0.0014361293287947775,"w":0.7160549759864807},"size":2.964221715927124,"orthographic":false}