{"cameraMode":{"drawMode":0,"name":"Shaded","section":"Shading Mode"},"sceneLighting":true,"audioPlay":false,"sceneViewState":{"m_AlwaysRefresh":false,"showFog":true,"showSkybox":true,"showFlares":true,"showImageEffects":true,"showParticleSystems":true,"showVisualEffectGraphs":true,"m_FxEnabled":true},"in2DMode":false,"pivot":{"x":-7.9624810218811039,"y":2.3071508407592775,"z":-7.206577301025391},"rotation":{"x":-0.692051887512207,"y":-0.010158429853618145,"z":0.009764077141880989,"w":-0.721746027469635},"size":19.641908645629884,"orthographic":false}