{"cameraMode":{"drawMode":0,"name":"Shaded","section":"Shading Mode"},"sceneLighting":false,"audioPlay":false,"sceneViewState":{"m_AlwaysRefresh":false,"showFog":true,"showSkybox":false,"showFlares":true,"showImageEffects":true,"showParticleSystems":true,"showVisualEffectGraphs":true,"m_FxEnabled":true},"in2DMode":false,"pivot":{"x":-2.979806661605835,"y":0.24516336619853974,"z":0.2663099467754364},"rotation":{"x":-0.038818154484033588,"y":-0.8687539100646973,"z":0.48868119716644289,"w":-0.06893566995859146},"size":5.405355930328369,"orthographic":false}