{"cameraMode":{"drawMode":0,"name":"Shaded","section":"Shading Mode"},"sceneLighting":false,"audioPlay":false,"sceneViewState":{"m_AlwaysRefresh":false,"showFog":true,"showSkybox":false,"showFlares":true,"showImageEffects":true,"showParticleSystems":true,"showVisualEffectGraphs":true,"m_FxEnabled":true},"in2DMode":false,"pivot":{"x":-0.16840744018554688,"y":0.9381130933761597,"z":0.006409168243408203},"rotation":{"x":-0.053356561809778216,"y":0.0023799093905836345,"z":-0.000035186520108254626,"w":-0.9979422688484192},"size":6.998874187469482,"orthographic":false}