{"cameraMode":{"drawMode":0,"name":"Shaded","section":"Shading Mode"},"sceneLighting":false,"audioPlay":false,"sceneViewState":{"m_AlwaysRefresh":false,"showFog":true,"showSkybox":false,"showFlares":true,"showImageEffects":true,"showParticleSystems":true,"showVisualEffectGraphs":true,"m_FxEnabled":true},"in2DMode":false,"pivot":{"x":-9.402362823486329,"y":1.0627468824386597,"z":-8.53215503692627},"rotation":{"x":0.031413376331329349,"y":-0.07190188765525818,"z":0.0022657171357423069,"w":0.996911883354187},"size":3.348525285720825,"orthographic":true}